id,first_name,last_name,relation,phone,email,address,city,country,post_code,lat,lon,modified
1,Hyacinth,Snyder,spouse,(356) 352-1061,Pellentesque.habitant@eterosProin.ca,Ap #486-3500 Dignissim St.,Fürth,Germany,40024,-72.49535,57.07252,1568231857
2,Francesca,Stewart,other,(614) 827-1997,enim.commodo@vitae.org,4000 Faucibus Street,Wilhelmshaven,Germany,65485,-89.61119,-101.571,1569033678
3,Kirsten,Hebert,other,(585) 474-1211,Cras.pellentesque.Sed@non.org,Ap #378-4728 Amet St.,Marburg,Germany,15764,39.95152,82.75553,1569573259
4,Kasimir,Collins,friend,(632) 881-8250,Proin@aliquet.ca,159-2216 Nibh Rd.,Berlin,Germany,81208,30.68341,-8.9725,1567556901
5,Brock,Mccall,spouse,(525) 311-7172,consectetuer.adipiscing@Maecenasliberoest.net,999-2509 Ac Road,Burg,Germany,81029,-64.81481,-11.98104,1566519412
6,Lucian,Hayden,relative,(653) 742-5739,sit@imperdietdictum.org,"7766 Vel, Avenue",Hamburg,Germany,57173,-28.71256,-56.09159,1562046547
7,Shelly,Richards,neighbor,(736) 282-8186,commodo@ultricesDuis.net,"P.O. Box 935, 8892 Et, Rd.",Gifhorn,Germany,9803,10.68702,-52.14997,1566039832
8,Patricia,Middleton,other,(631) 272-7790,nulla.Integer@urna.ca,319-6946 Enim Ave,Germersheim,Germany,54368,-73.32686,117.37481,1560234886
9,Mallory,Rollins,spouse,(990) 945-5601,enim.condimentum@lectusa.net,9980 Non Avenue,Kaiserslauter,Germany,138,-82.78031,-119.07732,1564554588
10,Lev,Cooley,friend,(975) 438-0684,Nam.nulla@cursuset.org,566-1850 Augue Av.,Hamburg,Germany,93919,-51.93014,-94.27162,1561042962
11,Axel,Sanders,friend,(804) 522-6490,Maecenas@sitametdiam.org,369-2903 Suspendisse Rd.,Itzehoe,Germany,98121,-31.58478,-117.43911,1565330460
12,Connor,Mcfadden,spouse,(100) 657-9610,Phasellus.dapibus.quam@Aeneanegestashendrerit.edu,881-3516 Etiam Street,Anklam,Germany,22754,-2.89836,109.43606,1564618618
13,Travis,Gillespie,relative,(239) 464-8092,nunc@gravidasagittisDuis.edu,1475 Accumsan Avenue,Lübeck,Germany,16114,-69.45807,5.96897,1564467736
14,Lavinia,Mejia,friend,(468) 261-7213,malesuada@Integer.edu,3893 Eros Rd.,Freital,Germany,23541,-77.14942,-107.07963,1559707415
15,Sara,Graves,friend,(636) 922-6583,egestas.a.dui@nequeNullam.co.uk,2525 Aliquam Street,Peine,Germany,56327,-32.61468,81.17941,1561448947
16,Basia,Clements,other,(338) 450-0573,Cras.dictum@convalliserat.ca,Ap #523-8248 Sit Avenue,Stade,Germany,65848,29.69208,-63.96124,1569374889
17,Audrey,Griffith,relative,(484) 355-6338,diam.Duis.mi@luctuset.ca,"P.O. Box 876, 5919 Suspendisse St.",Freiberg,Germany,78051,1.4482,-32.6907,1563456991
18,Jolie,Lambert,neighbor,(685) 854-7806,vulputate.nisi.sem@molestie.ca,904 Nisi Rd.,Staßfurt,Germany,89546,-32.75093,-8.75364,1566809585
19,Alice,Salazar,relative,(641) 183-6462,id.sapien.Cras@posuerevulputate.edu,567 Morbi St.,Lüneburg,Germany,15213,-6.98011,-25.07669,1569284676
20,Xena,Branch,relative,(618) 267-2910,orci.adipiscing@nequeMorbi.org,Ap #339-6719 Tempor St.,Bremerhaven,Germany,6452,40.88911,10.73954,1568793523
21,Kendall,Mcgee,relative,(909) 114-0938,et@enimMauris.edu,Ap #518-6118 Eu St.,Neustadt,Germany,95490,-47.876,104.13998,1562426909
22,Yael,Fitzgerald,spouse,(446) 699-9219,ultrices@idmollis.org,766-5497 Ac Avenue,Falkensee,Germany,59537,-44.6688,106.8929,1562162125
23,Rhona,Stone,other,(425) 457-0622,cursus@tellusloremeu.net,Ap #933-1596 Eleifend Street,Nuremberg,Germany,84396,-80.85159,-31.80601,1572090239
24,Zahir,Albert,friend,(109) 705-3317,non.sapien.molestie@nequeInornare.net,"P.O. Box 414, 9030 Pede St.",Landau,Germany,56238,80.81979,67.89258,1566769185
25,Demetria,Burks,spouse,(594) 613-9654,vitae@viverra.co.uk,316-6925 Lobortis Road,Duisburg,Germany,40398,59.54103,3.33013,1567879313
26,Cairo,Wheeler,friend,(364) 457-8973,consequat.lectus.sit@nec.ca,"P.O. Box 662, 5950 Mus. Rd.",Bremerhaven,Germany,91859,19.74361,-20.36376,1564841993
27,Eagan,Simmons,neighbor,(681) 160-3692,lobortis.Class@Nullamlobortis.net,344-1901 Arcu. Rd.,Wunstorf,Germany,83927,-6.34123,21.11534,1564197894
28,Lyle,White,friend,(169) 398-9644,nec@Namtempor.ca,414-5647 Ullamcorper Street,Hamburg,Germany,17734,75.86553,-136.41322,1571141869
29,Tara,Huff,other,(147) 431-0193,libero@risusaultricies.net,281-2278 Libero. Ave,Wolfsburg,Germany,79858,-17.80669,-59.13748,1567767223
30,Amal,Gould,friend,(516) 972-4615,primis.in@Namporttitor.com,Ap #937-2579 Ipsum. Avenue,Parchim	City,Germany,73735,27.23779,8.7801,1563041107
31,Yardley,Thomas,friend,(984) 236-8804,vitae@ultricesmaurisipsum.co.uk,Ap #851-1804 Sit Street,Limbach-Oberfrohna,Germany,76300,-80.71162,71.0113,1565001588
32,Aurora,Ramos,friend,(659) 608-4680,orci.luctus@hendreritneque.ca,6198 Hendrerit Ave,Quedlinburg,Germany,96604,-7.5667,56.18581,1562045294
33,Joy,Cunningham,relative,(818) 300-7302,pharetra.ut.pharetra@enim.org,Ap #182-8253 Vehicula Rd.,Neubrandenburg,Germany,45775,89.96451,21.7219,1561335075
34,Julian,Mcdonald,other,(739) 805-9393,neque.tellus@eunequepellentesque.net,Ap #751-8022 Vehicula Rd.,Emden,Germany,25035,42.86228,149.16219,1564147719
35,Brenna,Joyner,friend,(167) 708-2217,Cras@at.org,3001 Pellentesque Road,Hoyerswerda,Germany,82220,31.22076,-84.91477,1567130214
36,Fleur,Landry,friend,(177) 207-3614,penatibus.et.magnis@justoProin.co.uk,"Ap #652-9499 Nec, Avenue",Neustadt,Germany,83214,-8.71379,-177.83748,1570940260
37,Fatima,Golden,friend,(638) 611-8432,vitae.risus.Duis@diamloremauctor.ca,Ap #184-3405 Integer Street,Plauen,Germany,10612,68.35162,-40.32834,1571036178
38,Amy,Herring,spouse,(345) 471-3460,tincidunt.neque.vitae@aliquamadipiscinglacus.com,"P.O. Box 316, 130 Ante. St.",Bremen,Germany,35416,43.63954,-52.77231,1564328973
39,Autumn,Stafford,spouse,(735) 251-6026,Suspendisse.sagittis@turpisvitae.ca,Ap #393-3827 Vitae Avenue,Bremerhaven,Germany,88929,-16.46372,-142.50254,1559731193
40,Trevor,Barton,friend,(830) 946-8502,mauris.elit@egestasblandit.co.uk,2657 Fringilla Ave,Sindelfingen,Germany,91923,-56.05738,-44.22174,1570409847
41,Odette,Gross,other,(832) 983-9440,lectus.Cum@Praesent.net,"P.O. Box 798, 404 Eu Ave",Heidenheim,Germany,80856,16.94429,46.00778,1566207242
42,Leo,Richards,relative,(303) 232-2352,aliquet@odio.org,406-5831 Morbi Road,Göppingen,Germany,70559,-77.93322,136.58466,1567519343
43,Noah,Fields,relative,(140) 680-4264,amet@Aliquam.ca,"P.O. Box 181, 7302 Quam Avenue",Stendal,Germany,19255,47.67151,164.45703,1563512013
44,Kenyon,Neal,friend,(780) 422-9861,facilisis@vehiculaaliquetlibero.ca,"P.O. Box 590, 6636 Erat. Rd.",Spremberg,Germany,72082,-45.48314,130.16686,1566236742
45,Susan,Kemp,relative,(775) 689-8614,erat.eget.ipsum@malesuadafamesac.co.uk,7986 Fringilla St.,Hamburg,Germany,58420,44.94343,74.86453,1562400936
46,Cassidy,Hodge,spouse,(378) 914-3100,dolor.Donec.fringilla@nuncInat.com,172-2752 Mauris Street,Pirmasens,Germany,27585,31.0282,9.05106,1560530235
47,Kathleen,Yang,neighbor,(552) 215-5397,mollis.non@risusDonec.edu,"P.O. Box 159, 1492 Augue Street",Berlin,Germany,30188,37.76768,155.53764,1564714343
48,Carl,Townsend,neighbor,(129) 991-1440,nonummy.Fusce.fermentum@facilisismagnatellus.net,Ap #423-5284 Praesent Street,Germersheim,Germany,52922,28.72451,145.89293,1561052190
49,Reed,Bauer,spouse,(527) 500-3297,Nunc@molestiedapibusligula.co.uk,5658 Elit. Rd.,Bitterfeld-Wolfen,Germany,39957,-23.97643,177.87907,1559977920
50,Cameron,Peck,neighbor,(349) 660-6789,erat.eget.ipsum@Proinegetodio.net,"P.O. Box 310, 1532 Lectus St.",Nuremberg,Germany,2320,-47.6348,-97.77641,1568675458
51,Gregory,Richard,spouse,(967) 111-9989,nonummy@arcuvelquam.net,5442 Quam. Rd.,Brandenburg,Germany,94606,7.50153,91.42352,1566754586
52,Nora,Blankenship,friend,(750) 748-5880,justo@Aeneaneuismod.com,484-9920 Lorem. Rd.,Leipzig,Germany,57344,-21.44569,179.65933,1564561520
53,Mohammad,Weiss,neighbor,(845) 920-2626,et@atauctor.ca,"P.O. Box 641, 2300 Euismod Road",Bad Dürkheim,Germany,69858,87.71486,-102.06866,1560503753
54,Brian,Gray,relative,(467) 559-0952,amet@nibhsitamet.net,936-2942 Sociosqu St.,Köthen,Germany,69866,54.59695,-47.42482,1565046673
55,Brody,Gilmore,friend,(189) 589-3766,bibendum@Curabitur.ca,446-1699 Nunc Street,Dillenburg,Germany,42362,-53.07263,-170.86414,1565292077
56,Hu,Jimenez,spouse,(704) 770-1694,lectus@nisl.com,3189 Aliquam Avenue,Tübingen,Germany,88696,31.4754,-106.00682,1568816732
57,Aileen,Blanchard,neighbor,(730) 455-5666,Sed.id.risus@Vestibulum.com,7514 Proin Street,Anklam,Germany,40707,-46.25768,78.08055,1561190863
58,Giacomo,Mckenzie,relative,(580) 323-3500,id.blandit.at@Nunclaoreet.edu,313-1942 Integer Av.,Seevetal,Germany,89369,-74.11111,-71.43816,1565856529
59,Galvin,Swanson,other,(334) 235-9404,vel@Maecenasliberoest.org,"684-3558 In, Avenue",Grimma,Germany,62535,43.63385,-57.42231,1569681393
60,Chaim,Tillman,friend,(465) 570-9134,pretium.et@blandit.co.uk,358-7217 Viverra. St.,Neuwied,Germany,34173,2.58981,127.02395,1570998574
61,Britanni,Berg,neighbor,(253) 851-3802,nec@molestie.ca,"P.O. Box 590, 7389 Condimentum. St.",Berlin,Germany,12349,23.24267,145.23239,1571294212
62,Petra,Howe,neighbor,(316) 728-8637,dolor.Fusce@loremeu.edu,Ap #734-9295 Eget Avenue,Hamburg,Germany,10998,61.25891,65.19959,1562344028
63,Ryder,Pitts,spouse,(426) 517-3742,Duis.volutpat.nunc@id.ca,225-8814 Suspendisse Street,Ahrensburg,Germany,88532,86.18887,-144.46698,1567787852
64,Mia,Haynes,spouse,(300) 912-5916,semper@arcu.net,"P.O. Box 462, 3025 Hendrerit. Road",Butzbach,Germany,66075,-57.6608,96.73342,1569147914
65,Lana,Lester,neighbor,(154) 154-1519,facilisis.eget@sit.ca,"P.O. Box 710, 6845 Parturient St.",Berlin,Germany,73812,-47.14205,135.4398,1564653332
66,Jamal,Levine,spouse,(740) 907-6229,urna.Ut.tincidunt@Crasconvallis.net,Ap #449-2858 Porttitor Ave,Trier,Germany,85190,63.16576,-43.51058,1566825546
67,Kelly,Ross,other,(174) 152-3522,lorem@liberodui.net,917-2819 Ipsum St.,Berlin,Germany,58509,-80.82296,-103.08259,1568821135
68,Kaye,Massey,relative,(274) 526-9830,et@Sedeueros.org,"P.O. Box 630, 9872 Neque. Street",Bayreuth,Germany,1691,-42.03538,158.31246,1561696319
69,Debra,Hooper,friend,(213) 636-6193,posuere.at@ligula.net,"488-3867 Non, Rd.",Villingen-Schwennin,Germany,60671,-18.92612,14.62105,1563935842
70,Winter,Collier,other,(351) 396-0064,nascetur.ridiculus.mus@aliquetodioEtiam.ca,Ap #989-956 Lectus Avenue,Duisburg,Germany,79274,45.26686,76.01683,1565284173
71,Mariam,Sheppard,spouse,(101) 503-3870,elementum.purus.accumsan@vitae.co.uk,5620 In Road,Bamberg,Germany,32320,-79.31627,-6.31282,1560009337
72,Wilma,Joseph,relative,(241) 671-2378,Phasellus.libero@eleifend.com,"P.O. Box 350, 8443 Sed Av.",Riesa,Germany,4231,0.11459,-139.41525,1569277393
73,Owen,Harrison,spouse,(522) 424-4289,convallis.erat@sit.org,"P.O. Box 479, 920 Cum Av.",Passau,Germany,3500,15.84706,-167.43294,1561651751
74,Jemima,Bush,other,(211) 509-6226,sit@velitAliquamnisl.edu,"P.O. Box 295, 6450 Risus. St.",Berlin,Germany,89435,-82.60373,-31.31507,1571662552
75,Winter,Hester,other,(537) 309-7444,adipiscing.lobortis@pretiumnequeMorbi.net,"P.O. Box 324, 3140 Gravida Ave",Parchim	City,Germany,85065,28.8811,151.17051,1564325374
76,Penelope,Berg,relative,(565) 508-8216,vehicula.aliquet.libero@ipsum.com,"364-8050 Sem, Street",Hamburg,Germany,70286,41.22285,-175.95787,1565960945
77,Rashad,Drake,other,(995) 410-2811,vulputate.velit@natoque.net,308-9699 Id Road,Pinneberg,Germany,79203,-12.55431,-100.04436,1566001931
78,Henry,Stone,neighbor,(450) 137-6943,arcu.Vestibulum.ante@diam.ca,"391-9225 A, Street",Neuss,Germany,97697,62.27815,42.86579,1572332100
79,Zane,Hensley,relative,(454) 659-8688,arcu.imperdiet.ullamcorper@molestietortor.ca,5422 In St.,Rosenheim,Germany,10671,-18.49122,-161.17018,1568485976
80,Micah,Hyde,spouse,(434) 224-7516,non.bibendum.sed@enim.edu,Ap #779-1905 Feugiat. Av.,Hamburg,Germany,11320,-44.64035,-150.97953,1565800545
81,Jesse,Ratliff,relative,(623) 274-6034,tellus.non@viverra.com,Ap #260-3096 Tempus Ave,Freiburg,Germany,90569,-73.75389,-49.50774,1560072362
82,Renee,Mcgowan,friend,(140) 549-0493,id.magna.et@diamatpretium.org,8522 Ut Av.,Augsburg,Germany,50278,64.71839,-157.61471,1571114262
83,Jena,Mitchell,friend,(126) 209-8176,sit.amet@In.ca,313-2658 Libero Rd.,Bremerhaven,Germany,14152,15.05023,45.5653,1570672066
84,Rana,Jefferson,neighbor,(297) 935-7990,Curabitur.massa.Vestibulum@eros.net,"P.O. Box 782, 3737 In Avenue",Dortmund,Germany,82413,17.38168,97.80281,1568596097
85,Yvette,Wolfe,other,(433) 848-4469,non@dictumProineget.com,"Ap #508-1095 A, Ave",Leverkusen,Germany,12766,0.6635,-3.00807,1572173983
86,Sydney,Christensen,friend,(683) 763-3281,rutrum@Aliquamrutrumlorem.net,"218-6435 Nec, Rd.",Bremen,Germany,90305,-69.16676,-178.77703,1571683042
87,Micah,Pace,relative,(443) 407-1855,sed.sem.egestas@eratsemper.edu,288-2953 Imperdiet Rd.,Völklingen,Germany,90105,-16.84436,-156.14804,1567192224
88,Tyrone,Workman,relative,(148) 332-6509,a@Vestibulumut.com,5721 Nulla St.,Salzgitter,Germany,10545,73.81402,-87.70135,1559820464
89,Allegra,Holmes,relative,(545) 614-1597,pharetra.Quisque.ac@lobortisnisinibh.edu,Ap #711-8706 Quis Av.,Gießen,Germany,61005,4.06337,103.44269,1563250615
90,Nita,Larson,neighbor,(684) 392-5226,volutpat.nunc.sit@Phasellus.com,8519 Mauris Rd.,Strausberg,Germany,7959,-15.17142,-90.63553,1563893360
91,Caldwell,Mercer,neighbor,(758) 968-7775,egestas.lacinia.Sed@placerat.com,124-4238 In Avenue,Markkleeberg,Germany,10163,24.86441,-49.06854,1564051668
92,Shana,Lawrence,other,(989) 591-0213,nonummy@montesnasceturridiculus.org,472-8174 Sit Road,Hamburg,Germany,94092,-8.43486,-65.77775,1567755551
93,Gil,Mercer,other,(297) 251-9727,ac@eu.net,Ap #316-8541 Sit Road,Bad Neuenahr-Ahrweiler,Germany,50629,33.75361,-108.68172,1560613576
94,Iliana,Whitney,friend,(147) 602-2186,velit.in.aliquet@augue.org,Ap #432-9978 Nisi. Street,Baden-Baden,Germany,40057,-0.03441,134.29866,1566088178
95,Zachary,Cleveland,other,(226) 328-6673,sit@ac.com,610-4360 Nunc St.,Delmenhorst,Germany,83037,11.95083,-166.68039,1560719013
96,Amela,Holder,spouse,(275) 682-9147,Duis@mifelis.co.uk,1079 Lectus Av.,Blankenfelde-Mahlow,Germany,36476,14.60009,148.11111,1568737436
97,Blaine,Booth,friend,(205) 617-3502,nibh@Maecenasornare.org,730-9927 Gravida Rd.,Haßloch,Germany,24805,-75.57778,-36.50227,1561844652
98,Erasmus,Wagner,spouse,(464) 424-9835,risus.Duis.a@malesuadavelvenenatis.ca,4102 Vivamus Ave,Bremerhaven,Germany,73670,-81.70872,-16.41097,1562121209
99,Brielle,Hall,spouse,(452) 377-7194,justo@Nam.ca,2682 At St.,Heidenheim,Germany,13523,5.29993,172.987,1568948838
100,Lesley,Albert,other,(742) 125-0761,semper.cursus.Integer@dolorelitpellentesque.com,"P.O. Box 661, 4254 Ac Road",Schwerin,Germany,72012,-30.32928,88.64874,1570855820
101,Claire,Hyde,neighbor,(517) 481-0942,lacus.Mauris.non@atpretiumaliquet.com,"P.O. Box 564, 9571 Aliquet Rd.",Hamburg,Germany,63801,-3.5342,-89.35289,1566820661
102,Dalton,Dudley,spouse,(417) 808-2232,amet.faucibus.ut@adipiscingelitEtiam.ca,"P.O. Box 275, 3257 Tincidunt Rd.",Sindelfingen,Germany,52909,45.41515,38.96877,1563417427
103,Keane,Todd,other,(881) 530-3218,lacus@egestas.edu,"P.O. Box 567, 9411 Ut Street",Hamburg,Germany,69970,82.56813,50.48958,1559784438
104,Theodore,Beck,other,(631) 782-8689,est.mauris.rhoncus@Nullam.net,235-7979 Orci Rd.,Blieskastel,Germany,10719,42.13343,176.95635,1565495366
105,Zeph,Mccarthy,other,(747) 385-8962,egestas@sedestNunc.com,"P.O. Box 477, 4888 Cursus Ave",Pforzheim,Germany,5949,-51.55974,-137.51325,1570696324
106,Katell,Trujillo,spouse,(917) 299-8121,odio.semper.cursus@consequatauctor.edu,"812-6468 Ornare, Rd.",Ingolstadt,Germany,52978,-82.93629,-167.57121,1566381326
107,Cody,Sargent,neighbor,(469) 151-0155,sit.amet@urnasuscipitnonummy.net,384-224 Curabitur Ave,Plauen,Germany,94442,-14.26851,-103.17939,1565514441
108,Hamilton,Horn,friend,(491) 657-0875,sed@ametconsectetueradipiscing.edu,"P.O. Box 966, 4599 Tristique St.",Hamburg,Germany,9975,11.80336,-163.44641,1570474808
109,Jonah,Blanchard,spouse,(197) 159-0042,purus.ac.tellus@tellusAeneanegestas.ca,767-8802 Orci Street,Zweibrücken,Germany,15989,18.28712,170.79855,1571153307
110,Hadassah,Crawford,neighbor,(960) 792-8505,vestibulum.nec.euismod@diamloremauctor.org,Ap #980-5717 Porttitor Avenue,Anklam,Germany,24678,39.03777,95.94938,1561344648
111,Amery,House,friend,(920) 343-1528,vitae.dolor.Donec@eu.org,"P.O. Box 254, 7023 Morbi Street",Viernheim,Germany,47686,74.01322,135.67414,1563439567
112,Amir,Kemp,other,(250) 733-3963,eu.erat.semper@acmetus.org,Ap #115-8092 Nam St.,Hamburg,Germany,23097,84.88455,-172.59605,1560402409
113,Veronica,Jarvis,friend,(967) 517-5102,faucibus.id@dapibusrutrum.ca,6524 Magna. St.,Berlin,Germany,23113,-0.199,-175.47084,1569103468
114,Cameron,Merritt,neighbor,(231) 220-6073,elementum@cursusinhendrerit.edu,"P.O. Box 694, 4618 Sed Rd.",Bremerhaven,Germany,8754,54.97653,89.54828,1564024759
115,Hector,Harding,relative,(844) 726-6513,Nunc@tempus.co.uk,Ap #621-9152 Quisque Av.,Heusweiler,Germany,72372,-62.59983,-9.58314,1562050118
116,Kermit,Mclaughlin,spouse,(368) 811-4688,fringilla@rhoncusNullamvelit.ca,Ap #187-4221 Ultricies Rd.,Eberswalde-Finow,Germany,22259,73.3133,-85.9044,1566294263
117,Omar,Soto,spouse,(559) 675-1885,ante.Vivamus@vitaesodalesnisi.com,2242 Nulla Ave,Hamm,Germany,28074,78.52899,45.86174,1570684522
118,Joseph,Noel,friend,(734) 557-7252,molestie@necdiamDuis.org,Ap #541-2027 Sapien. Av.,Esslingen,Germany,52600,-49.34296,-155.96832,1562057464
119,Xaviera,Haynes,neighbor,(513) 784-9941,tristique.ac.eleifend@tempusmauris.co.uk,Ap #154-7723 Hendrerit St.,Berlin,Germany,10954,69.83854,-73.06295,1567936160
120,Thor,Drake,spouse,(411) 887-3466,libero.Proin@molestiedapibusligula.ca,588-3691 Diam Rd.,Aschaffenburg,Germany,23835,-54.54939,-108.01588,1566321522
121,Gillian,Powers,spouse,(777) 500-1539,Nulla.eget.metus@atpedeCras.com,"P.O. Box 241, 5540 Ac St.",Bremen,Germany,58722,3.75667,16.97006,1572138492