id,title,first_name,last_name,phone,email,address,city,country,post_code,lat,lon,modified
1,Dr.,MacKensie,Anthony,(132) 417-4752,augue.eu@dolor.net,9384 Dui Street,Halle,Germany,42031,73.41682,60.75453,1559669202
2,Dr.,Vladimir,Beard,(628) 716-5156,orci.Ut.sagittis@ipsumdolorsit.net,2597 Dictum Rd.,Tübingen,Germany,44273,42.43609,19.35543,1566173959
3,Dr.,Cedric,Vinson,(920) 491-1748,euismod.enim@dignissim.ca,8184 Id Rd.,Wernigerode,Germany,8957,81.54177,-23.29778,1560175581
4,Dr.,Tucker,Fry,(977) 816-4412,Proin.dolor.Nulla@pretiumaliquetmetus.org,Ap #468-8586 Lobortis Street,Butzbach,Germany,94972,62.3487,40.84211,1570049893
5,Dr.,Jenna,Britt,(312) 353-2973,fermentum.vel@euduiCum.com,"Ap #546-391 Eu, St.",Görlitz,Germany,79875,13.7097,-161.94369,1564202572
6,Dr.,Rowan,Horne,(113) 702-9411,Phasellus@Curabitur.org,"2788 Pellentesque, Street",Chemnitz,Germany,73270,-45.69288,-43.04784,1568168291
7,Dr.,Maggy,Alford,(657) 935-4373,vitae.sodales.at@Cumsociis.edu,"P.O. Box 169, 2454 Scelerisque Av.",Stuttgart,Germany,88620,-35.38663,-83.23618,1565599684
8,Dr.,Carolyn,Boyd,(174) 375-8583,habitant.morbi.tristique@sociisnatoque.co.uk,Ap #542-9194 Pharetra Ave,Hamburg,Germany,32117,-24.46076,-18.04683,1561437555
9,Dr.,Chiquita,Armstrong,(941) 573-4211,rutrum@ornareliberoat.org,"P.O. Box 103, 5308 Nulla Ave",Köln,Germany,11442,14.61286,111.76442,1564606760
10,Dr.,Raja,Ferrell,(165) 418-1657,Nunc.sollicitudin@temporerat.net,Ap #819-4880 Cras Ave,Hameln,Germany,46673,35.62583,5.53811,1568207743
11,Dr.,Tatyana,Dyer,(803) 116-8623,vestibulum.nec@turpis.ca,9803 Amet Street,Markkleeberg,Germany,54383,-23.37309,-116.21401,1566612938
12,Dr.,Jocelyn,Nunez,(956) 604-2247,elit.sed.consequat@fermentumconvallis.edu,Ap #565-7562 Dis Rd.,Grimma,Germany,3345,-39.79251,-81.37618,1564750577